{"last_tab":"0","logo_svg":"1","scrollup":"0","newsletter_signup_form":"","contact_map_content":"<iframe src=\"https:\/\/www.google.com\/maps\/embed?pb=!1m18!1m12!1m3!1d317718.69319292053!2d-0.3817765050863085!3d51.528307984912544!2m3!1f0!2f0!3f0!3m2!1i1024!2i768!4f13.1!3m3!1m2!1s0x47d8a00baf21de75%3A0x52963a5addd52a99!2sLondon%2C+UK!5e0!3m2!1sen!2sin!4v1463669021863\" height=\"462\" allowfullscreen><\/iframe>","header_style":"v1","header_background":"","sticky_header":"0","header_phone_text":"Call and Order in","header_phone_city":[""],"header_phone_number":[""],"footer_style":"v2","footer_static_block_id":"607","footer_contact_form_title":"Write Hello to Pizzaro","footer_contact_form_content":"","footer_contact_info_text":[""],"footer_contact_info_icon":[""],"footer_site_address_text":["Pizzaro Restaurant ","901-947 South Drive, Houston, TX 77057, USA ","Telephone: +1 555 1234 ","Fax: +1 555 4444"],"footer_payment_icons":[""],"footer_about_image":{"url":"https:\/\/demo.chethemes.com\/pizzaro\/wp-content\/uploads\/sites\/6\/2016\/10\/aboutt.jpg","id":"421","height":"330","width":"435","thumbnail":"https:\/\/demo.chethemes.com\/pizzaro\/wp-content\/uploads\/sites\/6\/2016\/10\/aboutt-150x150.jpg"},"footer_about_title":"About us","footer_about_description":"Proin ac semper mi. Phasellus magna elit, dapibus at egestas a, facilisis nec ligula. In vitae ex ante. Aliquam interdum maximus dui quis sodales. Cras vel mi diam. Phasellus mi ante, iaculis nec tempus ac, tincidunt sit amet eros. Fusce malesuada elit massa, ac eleifend  massa ligula, semper sed faucibus vitae, fermentum sed ex.","footer_about_button_text":"Read More \u00a0\u00a0\u00a0\u2192","footer_about_button_link":"#","footer_action_icon_class":"po po-map-marker","footer_action_button_text":"Find us on Map","footer_credit":"Copyright &copy; 2017 Pizzaro Theme. All rights reserved.","catalog_mode":"0","food_type_taxonomy":"pa_food-type","shop_layout":"left-sidebar","shop_style":"lite","shop_view":"grid-view","product_columns":"3","products_per_page":"12","create_your_own_button_text":"Create your own","create_your_own_button_link":"#","blog_view":"blog-default","blog_layout":"right-sidebar","post_placeholder_img":"","single_post_layout":"right-sidebar","facebook":"#","twitter":"#","googleplus":"","pinterest":"","linkedin":"","tumblr":"","instagram":"#","youtube":"#","vimeo":"","dribbble":"#","stumbleupon":"","soundcloud":"","vine":"","vk":"","show_footer_rss_icon":"0","use_predefined_font":"1","pizzaro_title_font":{"font-family":"Oswald","font-options":"","google":"1","font-weight":"","font-style":"","subsets":"latin"},"pizzaro_content_font":{"font-family":"Open Sans","font-options":"","google":"1","subsets":"latin"},"use_predefined_color":"1","custom_primary_color":"#c00a27","include_custom_color":"1","custom_css":"","show_header_nav_links":1,"show_header_cart":1,"show_header_phone_numbers":1,"redux-backup":"1"}